{
  "N": 100,
  "K": 3,
  "X": [
    [-0.326036490515386, 0.268065837240828, -0.164032353386482],
    [0.552461855419139, -0.592208310995591, -1.38327506389604],
    [-0.67494384395583, 2.1334863572493, 0.423511264154111],
    [0.214359459043425, 1.17274866696687, -0.790488911573172],
    [0.310769217313602, 0.746760989259751, 1.20992484868538],
    [1.1739662875627, -0.230508693259376, 0.894516769107157],
    [0.618789855625968, 0.087771702263277, -0.101198541182539],
    [-0.112734314754215, -2.18373967936393, 0.29712256945725],
    [0.917028289512712, -0.466631586162683, 0.197297723223939],
    [-0.223259364627263, 1.68595983797615, -0.156983744620943],
    [0.526448098873642, -0.567920925939037, 1.53657101159021],
    [-0.794844435415055, -0.0467430156271661, -2.16766968075807],
    [1.42775554468304, -0.156980587612414, 0.598448151380301],
    [-1.46681969416347, 1.60224243993513, 0.0431123594716387],
    [-0.236683378602896, 0.768653673570072, 1.29502719092384],
    [-0.1933379649975, -0.771629356355782, 0.706302935737443],
    [-0.849754740333862, -0.630681983107717, 0.345545075357528],
    [0.0584654978495017, -0.830280595600524, -0.0798966533465162],
    [-0.817670355875958, -0.591112738264032, 0.454807547451574],
    [-2.05030781563963, 0.981085406761844, 1.27625236923049],
    [-0.163755665941423, -0.661605265920387, 1.2648376462961],
    [0.708522104156376, -0.772417686267463, 0.26925353035912],
    [-0.267980546181617, -2.01847346685034, -0.120544093437728],
    [-1.46392175987102, -0.533585424847069, 0.795271350663759],
    [0.744435822875318, 0.434728333631805, -0.514027644033044],
    [-1.4103901810052, -0.771167342250685, -0.40659346739169],
    [0.467067606015246, -0.753940822242337, 1.21971897898245],
    [-0.119320107694245, -0.299357818093206, 0.0837113702458971],
    [0.467238961765515, 1.66396642633394, 0.589902151192238],
    [0.498135564435914, -1.24432983614235, -0.517419284506192],
    [0.894937200540396, -0.783134374083311, 0.769463486620852],
    [0.279151996413743, 0.244830557556244, 0.801969741044952],
    [1.00786575031424, -0.143887168528834, -0.696860144353812],
    [-2.07310649057379, -1.60863141694511, 1.177853178306],
    [1.18985338378285, 0.951579971801912, 0.585845258165705],
    [-0.724374218369974, -1.81913169113661, -0.466893883407381],
    [0.167983772348879, 1.78367170513088, 0.3856496369842],
    [0.920335158580844, 1.88713936034755, -0.534605584623016],
    [-1.67160481202292, 1.49071877762558, 1.05666840136629],
    [0.448469069614306, -0.380599521961682, -0.206093269636223],
    [0.482458809858766, -0.909375011345674, 0.60701223616656],
    [0.758213782399003, -0.338094107473901, -0.548063857565169],
    [-2.31932736896749, -1.41188351912177, -2.09997632605104],
    [-0.459504780196151, 0.21754288752496, 0.250812763244473],
    [-1.10538366697927, 0.670126170494308, -0.0549452806115849],
    [0.402928273406297, -0.28785937817374, -0.659727808540191],
    [0.568934917844047, 0.469303495405442, -1.45585737900865],
    [-0.706083282429614, -0.470071427334035, 0.0237294264634486],
    [-0.290090625815567, -0.239265919007744, 0.547908091268769],
    [-1.48387807160556, -0.447462488469958, -0.808901395385087],
    [-1.15025528126137, -0.618829657395325, -0.239023245607069],
    [-0.274471161816463, 0.252963051455575, -0.353118732175528],
    [0.577901002861171, -0.753368175006862, 0.819599207165928],
    [-1.39690264657703, 0.732276852534274, -0.345279614352431],
    [0.74905771616478, -0.40258671277439, -1.18288445586158],
    [-1.05118669692296, -2.82300011864761, -1.03132108779389],
    [0.165380870625706, 0.462973827409201, -0.0750893152514983],
    [1.12980912049522, 2.13286972606545, 0.828585474949519],
    [1.17372246423572, -0.270486687454884, -1.03598465538748],
    [-0.427863231850421, 0.248525349077002, -0.147156109684944],
    [-0.259802107839475, 0.0381164746693863, -0.281453876038291],
    [-1.41117304365668, 0.394068949877276, -1.37368566941537],
    [-0.641357554081644, -1.50408519764693, 1.55845014155207],
    [0.112457509152448, -1.58689079440535, -0.57494503613467],
    [0.422604331138563, -0.92711807673826, 2.18733524053184],
    [0.386835291215675, 0.776197039664536, 0.794291623143929],
    [-0.687798326082019, -0.780684439992302, 0.202560260341175],
    [0.148902488663005, -1.2785670240803, -0.0220500849832044],
    [-0.0576497484824952, -0.00142812822527075, 0.304530887225146],
    [-0.0748233649223828, -1.85097812380288, -1.1092492414154],
    [1.50989743811878, 0.451505334944176, 0.765473097985681],
    [1.61993700793992, -0.432947054631599, -0.0220264291577605],
    [1.1531581669848, 0.713602899314127, -0.903998222855681],
    [-0.0776035954486494, 0.960695470250525, 0.400001736564899],
    [-1.81893450079797, 0.381535209730526, -1.14928759196062],
    [-1.03744458273607, 1.21807279764716, 0.188167629294663],
    [0.302492245643734, -0.0171372605280001, 0.217290096347952],
    [-1.27794616724639, -0.03820949270208, -1.04908572462521],
    [0.138339047584972, 1.243734394854, -0.0751234328439355],
    [-0.0509841237610558, -0.955858745208508, -1.56798896178066],
    [1.85214757493023, 0.915425235164844, -1.17379709610829],
    [1.11167526953782, -0.939337975547168, -2.14830605620601],
    [-0.51137532176584, 0.112124819542646, 0.341715452527099],
    [-0.54388110381726, 0.553012618613078, 0.904970837787923],
    [-1.72892728363495, 0.5317419632335, 1.09649045333733],
    [0.470749538951291, -0.873762389439208, -1.47126092934297],
    [0.00538712217177903, -0.186849272904419, -0.280596864560926],
    [1.34804578555275, -0.213710488041523, 0.846139617007925],
    [0.724096713299373, -0.204011273018691, -1.28591371800217],
    [1.5525491646626, 1.71970924052031, -0.312435869163608],
    [1.32546983172223, 0.202033482217385, -0.36284324052178],
    [-0.0342650924931979, 0.512655777512822, 1.41245391943755],
    [-0.36101339765776, 1.45240001198695, -0.255202309202219],
    [-0.720165422308314, 0.363865465173405, 0.387017528534366],
    [0.282014933367501, -0.875848946464095, 0.524940745178194],
    [-0.790525663563787, -0.0145607330910744, 0.615145179774206],
    [-0.444904550728676, -0.724493164867117, -0.332816293049665],
    [1.3649931693787, 1.969370094487, 0.745328759898821],
    [0.49745433829489, -0.536402426950987, -0.311265396437325],
    [-0.814396475841323, -0.0262323400230254, -0.234251449605013]
  ],
  "y": [1, 0, 1, 0, 0, 1, 0, 1, 1, 1, 1, 0, 0, 1, 1, 1, 0, 1, 1, 1, 1, 1, 1, 1, 0, 0, 1, 1, 0, 1, 1, 1, 0, 1, 0, 1, 1, 0, 1, 1, 0, 1, 1, 0, 1, 0, 0, 1, 1, 0, 1, 0, 1, 1, 0, 1, 1, 1, 1, 0, 1, 0, 1, 0, 0, 1, 1, 0, 1, 1, 0, 0, 1, 0, 0, 1, 0, 1, 1, 0, 0, 0, 1, 1, 1, 1, 0, 0, 1, 0, 0, 0, 0, 1, 1, 0, 1, 1, 0, 1]
}
